date,ticker,price,decision,rsi,sentiment,reason
2025-12-19,ADA-USDT,0.3767,sell,38.55,POSITIVE,"Score 20: neutral → converted to sell (out of position)"
2025-12-19,BNB-USDT,856.17,sell,43.53,POSITIVE,"Score 15: neutral → converted to sell (out of position)"
2025-12-19,BTC-USDT,88136.94,sell,44.70,POSITIVE,"Score 5: neutral → converted to sell (out of position)"
2025-12-19,DOGE-USDT,0.13222,sell,42.70,POSITIVE,"Score 5: neutral → converted to sell (out of position)"
2025-12-19,DOT-USDT,1.849,sell,32.92,POSITIVE,"Score 20: neutral → converted to sell (out of position)"
2025-12-19,ETH-USDT,2979.5,sell,46.61,POSITIVE,"Score 5: neutral → converted to sell (out of position)"
2025-12-19,LTC-USDT,77.49,sell,38.93,POSITIVE,"Score 20: neutral → converted to sell (out of position)"
2025-12-19,SOL-USDT,126.27,sell,43.89,POSITIVE,"Score 20: neutral → converted to sell (out of position)"
2025-12-19,XRP-USDT,1.9092,buy,40.95,POSITIVE,"Score 30 >= 20, volume positive"
2025-12-20,ADA-USDT,0.373,sell,37.84,NEGATIVE,"Score -6: neutral → converted to sell (out of position)"
2025-12-20,BNB-USDT,854.17,sell,43.15,NEGATIVE,"Score -25: neutral → converted to sell (out of position)"
2025-12-20,BTC-USDT,88360.9,sell,45.31,NEGATIVE,"Score -27: neutral → converted to sell (out of position)"
2025-12-20,DOGE-USDT,0.13194,sell,42.51,NEGATIVE,"Score -25: neutral → converted to sell (out of position)"
2025-12-20,DOT-USDT,1.832,sell,32.36,NEGATIVE,"Score -2: neutral → converted to sell (out of position)"
2025-12-20,ETH-USDT,2977.93,sell,46.53,NEGATIVE,"Score -28: neutral → converted to sell (out of position)"
2025-12-20,LTC-USDT,77.84,sell,39.68,NEGATIVE,"Score -23: neutral → converted to sell (out of position)"
2025-12-20,SOL-USDT,125.81,sell,43.47,NEGATIVE,"Score -11: neutral → converted to sell (out of position)"
2025-12-20,XRP-USDT,1.9335,sell,42.92,NEGATIVE,"Exit: strong negative sentiment (99%)"
2025-12-21,ADA-USDT,0.3662,buy,36.50,POSITIVE,"Score 30 >= 20, volume positive"
2025-12-21,BNB-USDT,858.64,sell,44.32,POSITIVE,"Score 15: neutral → converted to sell (out of position)"
2025-12-21,BTC-USDT,88658.86,sell,46.16,POSITIVE,"Score 15: neutral → converted to sell (out of position)"
2025-12-21,DOGE-USDT,0.13112,sell,41.91,POSITIVE,"Score 15: neutral → converted to sell (out of position)"
2025-12-21,DOT-USDT,1.802,buy,31.35,POSITIVE,"Score 30 >= 20, volume positive"
2025-12-21,ETH-USDT,3002.02,sell,47.85,POSITIVE,"Score 15: neutral → converted to sell (out of position)"
2025-12-21,LTC-USDT,76.79,buy,38.15,POSITIVE,"Score 30 >= 20, volume positive"
2025-12-21,SOL-USDT,126.03,sell,43.75,POSITIVE,"Score 15: neutral → converted to sell (out of position)"
2025-12-21,XRP-USDT,1.9223,sell,42.22,POSITIVE,"Score 10: neutral → converted to sell (out of position)"
2025-12-22,ADA-USDT,0.3711,sell,38.19,POSITIVE,"Exit: price below MA20 (0.41)"
2025-12-22,BNB-USDT,858.66,sell,44.33,POSITIVE,"Score 15: neutral → converted to sell (out of position)"
2025-12-22,BTC-USDT,88620.79,sell,46.06,POSITIVE,"Score 15: neutral → converted to sell (out of position)"
2025-12-22,DOGE-USDT,0.13258,buy,43.44,POSITIVE,"Score 35 >= 20, volume positive"
2025-12-22,DOT-USDT,1.784,sell,30.73,POSITIVE,"Exit: price below MA20 (2.02)"
2025-12-22,ETH-USDT,3009.49,sell,48.28,POSITIVE,"Score 15: neutral → converted to sell (out of position)"
2025-12-22,LTC-USDT,77.05,sell,38.78,POSITIVE,"Exit: price below MA20 (80.41)"
2025-12-22,SOL-USDT,125.93,sell,43.64,POSITIVE,"Score 15: neutral → converted to sell (out of position)"
2025-12-22,XRP-USDT,1.9043,sell,41.06,POSITIVE,"Score 15: neutral → converted to sell (out of position)"
2025-12-23,ADA-USDT,0.3628,sell,36.43,NEGATIVE,"Score -5: neutral → converted to sell (out of position)"
2025-12-23,BNB-USDT,844.3,sell,41.16,NEGATIVE,"Score -8: neutral → converted to sell (out of position)"
2025-12-23,BTC-USDT,87486,sell,43.11,NEGATIVE,"Score -20: neutral → converted to sell (out of position)"
2025-12-23,DOGE-USDT,0.12928,sell,40.81,NEGATIVE,"Exit: strong negative sentiment (97%)"
2025-12-23,DOT-USDT,1.765,sell,30.06,NEGATIVE,"Score 1: neutral → converted to sell (out of position)"
2025-12-23,ETH-USDT,2965.02,sell,45.88,NEGATIVE,"Score -17: neutral → converted to sell (out of position)"
2025-12-23,LTC-USDT,77.01,sell,38.72,NEGATIVE,"Score -1: neutral → converted to sell (out of position)"
2025-12-23,SOL-USDT,124.01,sell,41.58,NEGATIVE,"Score -4: neutral → converted to sell (out of position)"
2025-12-23,XRP-USDT,1.8734,sell,39.08,NEGATIVE,"Score -7: neutral → converted to sell (out of position)"
2025-12-24,ADA-USDT,0.3566,sell,35.12,POSITIVE,"Score 25: neutral → converted to sell (out of position)"
2025-12-24,BNB-USDT,846.58,sell,41.87,POSITIVE,"Score 20: neutral → converted to sell (out of position)"
2025-12-24,BTC-USDT,87669.45,sell,43.74,POSITIVE,"Score 5: neutral → converted to sell (out of position)"
2025-12-24,DOGE-USDT,0.12856,sell,40.24,POSITIVE,"Score 25: neutral → converted to sell (out of position)"
2025-12-24,DOT-USDT,1.738,sell,29.08,POSITIVE,"Score 20: neutral → converted to sell (out of position)"
2025-12-24,ETH-USDT,2947.47,sell,44.93,POSITIVE,"Score 5: neutral → converted to sell (out of position)"
2025-12-24,LTC-USDT,75.79,buy,36.69,POSITIVE,"Score 45 >= 20, volume positive"
2025-12-24,SOL-USDT,122.53,sell,40.01,POSITIVE,"Score 20: neutral → converted to sell (out of position)"
2025-12-24,XRP-USDT,1.8628,sell,38.39,POSITIVE,"Score 20: neutral → converted to sell (out of position)"
2025-12-25,ADA-USDT,0.3434,sell,32.45,NEGATIVE,"Score 9: neutral → converted to sell (out of position)"
2025-12-25,BNB-USDT,829.64,sell,38.18,NEGATIVE,"Score -6: neutral → converted to sell (out of position)"
2025-12-25,BTC-USDT,87225.27,sell,42.52,NEGATIVE,"Score -25: neutral → converted to sell (out of position)"
2025-12-25,DOGE-USDT,0.12365,sell,36.49,NEGATIVE,"Score 5: neutral → converted to sell (out of position)"
2025-12-25,DOT-USDT,1.685,sell,27.21,NEGATIVE,"Score 13: neutral → converted to sell (out of position)"
2025-12-25,ETH-USDT,2903.95,sell,42.57,NEGATIVE,"Score -20: neutral → converted to sell (out of position)"
2025-12-25,LTC-USDT,75.71,sell,36.55,NEGATIVE,"Exit: strong negative sentiment (98%)"
2025-12-25,SOL-USDT,120.06,sell,37.46,NEGATIVE,"Score 5: neutral → converted to sell (out of position)"
2025-12-25,XRP-USDT,1.8326,sell,36.44,NEGATIVE,"Score -5: neutral → converted to sell (out of position)"
2025-12-26,ADA-USDT,0.3496,buy,34.95,POSITIVE,"Score 25 >= 20, volume positive"
2025-12-26,BNB-USDT,834.72,buy,39.89,POSITIVE,"Score 30 >= 20, volume positive"
2025-12-26,BTC-USDT,87369.56,sell,43.07,POSITIVE,"Score 15: neutral → converted to sell (out of position)"
2025-12-26,DOGE-USDT,0.12211,buy,35.37,POSITIVE,"Score 30 >= 20, volume positive"
2025-12-26,DOT-USDT,1.723,buy,30.65,POSITIVE,"Score 50 >= 20, volume positive"
2025-12-26,ETH-USDT,2927.99,sell,44.31,POSITIVE,"Score 15: neutral → converted to sell (out of position)"
2025-12-26,LTC-USDT,76.87,buy,40.01,POSITIVE,"Score 35 >= 20, volume positive"
2025-12-26,SOL-USDT,122.26,buy,41.06,POSITIVE,"Score 30 >= 20, volume positive"
2025-12-26,XRP-USDT,1.8437,buy,37.69,POSITIVE,"Score 30 >= 20, volume positive"
2025-12-27,ADA-USDT,0.37,sell,42.49,NEGATIVE,"Exit: strong negative sentiment (96%)"
2025-12-27,BNB-USDT,845.04,sell,43.32,NEGATIVE,"Exit: strong negative sentiment (96%)"
2025-12-27,BTC-USDT,87877.01,sell,45.09,NEGATIVE,"Score -26: neutral → converted to sell (out of position)"
2025-12-27,DOGE-USDT,0.12435,sell,38.32,NEGATIVE,"Exit: strong negative sentiment (96%)"
2025-12-27,DOT-USDT,1.91,sell,44.56,NEGATIVE,"Exit: strong negative sentiment (96%)"
2025-12-27,ETH-USDT,2949.05,sell,45.85,NEGATIVE,"Score -27: neutral → converted to sell (out of position)"
2025-12-27,LTC-USDT,80.33,sell,48.94,NEGATIVE,"Exit: strong negative sentiment (96%)"
2025-12-27,SOL-USDT,124.73,sell,44.89,NEGATIVE,"Exit: strong negative sentiment (96%)"
2025-12-27,XRP-USDT,1.8735,sell,41.07,NEGATIVE,"Exit: strong negative sentiment (96%)"
2025-12-28,ADA-USDT,0.3688,sell,42.18,NEGATIVE,"Score 5: neutral → converted to sell (out of position)"
2025-12-28,BNB-USDT,859.32,sell,47.76,NEGATIVE,"Score -24: neutral → converted to sell (out of position)"
2025-12-28,BTC-USDT,87952.71,sell,45.40,NEGATIVE,"Score -22: neutral → converted to sell (out of position)"
2025-12-28,DOGE-USDT,0.12393,sell,37.97,NEGATIVE,"Score -1: neutral → converted to sell (out of position)"
2025-12-28,DOT-USDT,1.851,sell,41.72,NEGATIVE,"Score -4: neutral → converted to sell (out of position)"
2025-12-28,ETH-USDT,2950.91,sell,46.00,NEGATIVE,"Score -18: neutral → converted to sell (out of position)"
2025-12-28,LTC-USDT,78.73,sell,45.56,NEGATIVE,"Score -2: neutral → converted to sell (out of position)"
2025-12-28,SOL-USDT,125.27,sell,45.72,NEGATIVE,"Score -17: neutral → converted to sell (out of position)"
2025-12-28,XRP-USDT,1.8654,sell,40.42,NEGATIVE,"Score -3: neutral → converted to sell (out of position)"
2025-12-29,ADA-USDT,0.3532,sell,38.28,NEGATIVE,"Score 8: neutral → converted to sell (out of position)"
2025-12-29,BNB-USDT,852.46,sell,45.90,NEGATIVE,"Score -18: neutral → converted to sell (out of position)"
2025-12-29,BTC-USDT,87237.13,sell,42.93,NEGATIVE,"Score -15: neutral → converted to sell (out of position)"
2025-12-29,DOGE-USDT,0.12288,sell,37.06,NEGATIVE,"Score 4: neutral → converted to sell (out of position)"
2025-12-29,DOT-USDT,1.824,sell,40.45,NEGATIVE,"Score 7: neutral → converted to sell (out of position)"
2025-12-29,ETH-USDT,2937.9,sell,45.10,NEGATIVE,"Score -17: neutral → converted to sell (out of position)"
2025-12-29,LTC-USDT,78.32,sell,44.71,NEGATIVE,"Score 3: neutral → converted to sell (out of position)"
2025-12-29,SOL-USDT,123.28,sell,43.14,NEGATIVE,"Score 4: neutral → converted to sell (out of position)"
2025-12-29,XRP-USDT,1.8508,sell,39.24,NEGATIVE,"Score 8: neutral → converted to sell (out of position)"
2025-12-30,ADA-USDT,0.3514,sell,37.84,NEGATIVE,"Score 7: neutral → converted to sell (out of position)"
2025-12-30,BNB-USDT,861.65,sell,48.78,NEGATIVE,"Score 3: neutral → converted to sell (out of position)"
2025-12-30,BTC-USDT,88485.49,sell,48.22,NEGATIVE,"Score 3: neutral → converted to sell (out of position)"
2025-12-30,DOGE-USDT,0.12336,sell,37.80,NEGATIVE,"Score 27: neutral → converted to sell (out of position)"
2025-12-30,DOT-USDT,1.811,sell,39.82,NEGATIVE,"Score 5: neutral → converted to sell (out of position)"
2025-12-30,ETH-USDT,2973.69,sell,48.09,NEGATIVE,"Score -22: neutral → converted to sell (out of position)"
2025-12-30,LTC-USDT,78.89,sell,46.22,NEGATIVE,"Score 5: neutral → converted to sell (out of position)"
2025-12-30,SOL-USDT,125.01,sell,45.99,NEGATIVE,"Score -0: neutral → converted to sell (out of position)"
2025-12-30,XRP-USDT,1.8776,sell,42.57,NEGATIVE,"Score 3: neutral → converted to sell (out of position)"
2025-12-31,ADA-USDT,0.3335,buy,33.73,POSITIVE,"Score 30 >= 20, volume positive"
2025-12-31,BNB-USDT,864.3,buy,49.61,POSITIVE,"Score 40 >= 20, volume positive"
2025-12-31,BTC-USDT,87648.22,sell,45.19,POSITIVE,"Score 25: neutral → converted to sell (out of position)"
2025-12-31,DOGE-USDT,0.11747,buy,32.74,POSITIVE,"Score 25 >= 20, volume positive"
2025-12-31,DOT-USDT,1.789,sell,38.72,POSITIVE,"Score 25: neutral → converted to sell (out of position)"
2025-12-31,ETH-USDT,2971.64,sell,47.93,POSITIVE,"Score 10: neutral → converted to sell (out of position)"
2025-12-31,LTC-USDT,76.85,sell,41.83,POSITIVE,"Score 30: neutral → converted to sell (out of position)"
2025-12-31,SOL-USDT,124.65,buy,45.48,POSITIVE,"Score 35 >= 20, volume positive"
2025-12-31,XRP-USDT,1.8423,buy,39.50,POSITIVE,"Score 35 >= 20, volume positive"
2026-01-01,ADA-USDT,0.3565,sell,42.39,NEGATIVE,"Exit: strong negative sentiment (100%)"
2026-01-01,BNB-USDT,864.39,sell,49.64,NEGATIVE,"Exit: strong negative sentiment (100%)"
2026-01-01,BTC-USDT,88839.04,sell,50.00,NEGATIVE,"Score -21: neutral → converted to sell (out of position)"
2026-01-01,DOGE-USDT,0.12683,sell,45.27,NEGATIVE,"Exit: strong negative sentiment (100%)"
2026-01-01,DOT-USDT,1.999,sell,52.26,NEGATIVE,"Score -18: neutral → converted to sell (out of position)"
2026-01-01,ETH-USDT,3004.19,sell,50.74,NEGATIVE,"Score -7: neutral → converted to sell (out of position)"
2026-01-01,LTC-USDT,79.97,sell,49.70,NEGATIVE,"Score -21: neutral → converted to sell (out of position)"
2026-01-01,SOL-USDT,126.9,sell,49.28,NEGATIVE,"Exit: strong negative sentiment (100%)"
2026-01-01,XRP-USDT,1.8799,sell,44.13,NEGATIVE,"Exit: strong negative sentiment (100%)"
2026-01-02,ADA-USDT,0.3949,sell,53.35,NEGATIVE,"Score -19: neutral → converted to sell (out of position)"
2026-01-02,BNB-USDT,881.25,sell,55.03,NEGATIVE,"Score -15: neutral → converted to sell (out of position)"
2026-01-02,BTC-USDT,89995.13,sell,54.20,NEGATIVE,"Emergency sell: BB position 1.05 > 0.98"
2026-01-02,DOGE-USDT,0.14188,sell,58.62,NEGATIVE,"Emergency sell: BB position 1.13 > 0.98"
2026-01-02,DOT-USDT,2.166,sell,59.85,NEGATIVE,"Emergency sell: BB position 1.24 > 0.98"
2026-01-02,ETH-USDT,3125.45,sell,59.53,NEGATIVE,"Emergency sell: BB position 1.11 > 0.98"
2026-01-02,LTC-USDT,81.93,sell,53.92,NEGATIVE,"Emergency sell: BB position 1.08 > 0.98"
2026-01-02,SOL-USDT,132.29,sell,57.00,NEGATIVE,"Emergency sell: BB position 1.08 > 0.98"
2026-01-02,XRP-USDT,2.0069,sell,56.29,NEGATIVE,"Emergency sell: BB position 1.11 > 0.98"
2026-01-03,ADA-USDT,0.3893,sell,51.80,NEGATIVE,"Score -27: neutral → converted to sell (out of position)"
2026-01-03,BNB-USDT,878.63,sell,54.06,NEGATIVE,"Score -24: neutral → converted to sell (out of position)"
2026-01-03,BTC-USDT,90628.01,sell,56.36,NEGATIVE,"Emergency sell: BB position 1.08 > 0.98"
2026-01-03,DOGE-USDT,0.14315,sell,59.51,NEGATIVE,"Emergency sell: BB position 1.08 > 0.98"
2026-01-03,DOT-USDT,2.125,sell,57.43,NEGATIVE,"Emergency sell: BB position 1.05 > 0.98"
2026-01-03,ETH-USDT,3127.11,sell,59.64,NEGATIVE,"Emergency sell: BB position 1.05 > 0.98"
2026-01-03,LTC-USDT,82.08,sell,54.23,NEGATIVE,"Emergency sell: BB position 1.01 > 0.98"
2026-01-03,SOL-USDT,133.37,sell,58.37,NEGATIVE,"Emergency sell: BB position 1.08 > 0.98"
2026-01-03,XRP-USDT,2.0182,sell,57.18,NEGATIVE,"Emergency sell: BB position 1.10 > 0.98"
2026-01-04,ADA-USDT,0.4007,sell,54.68,POSITIVE,"Emergency sell: BB position 0.99 > 0.98"
2026-01-04,BNB-USDT,895.43,sell,59.04,POSITIVE,"Emergency sell: BB position 1.06 > 0.98"
2026-01-04,BTC-USDT,91529.73,sell,59.30,POSITIVE,"Emergency sell: BB position 1.11 > 0.98"
2026-01-04,DOGE-USDT,0.14953,sell,63.76,POSITIVE,"Emergency sell: BB position 1.13 > 0.98"
2026-01-04,DOT-USDT,2.142,sell,58.19,POSITIVE,"Emergency sell: BB position 1.00 > 0.98"
2026-01-04,ETH-USDT,3144.7,sell,60.81,POSITIVE,"Emergency sell: BB position 1.01 > 0.98"
2026-01-04,LTC-USDT,82.26,buy,54.63,POSITIVE,"Score 20 >= 20, volume positive"
2026-01-04,SOL-USDT,134.12,sell,59.34,POSITIVE,"Emergency sell: BB position 1.03 > 0.98"
2026-01-04,XRP-USDT,2.0909,sell,62.49,POSITIVE,"Emergency sell: BB position 1.19 > 0.98"
2026-01-05,ADA-USDT,0.4211,sell,59.36,NEGATIVE,"Emergency sell: BB position 1.13 > 0.98"
2026-01-05,BNB-USDT,910.31,sell,62.88,NEGATIVE,"Emergency sell: BB position 1.13 > 0.98"
2026-01-05,BTC-USDT,93859.71,sell,65.74,NEGATIVE,"Emergency sell: BB position 1.22 > 0.98"
2026-01-05,DOGE-USDT,0.15171,sell,65.11,NEGATIVE,"Emergency sell: BB position 1.07 > 0.98"
2026-01-05,DOT-USDT,2.208,sell,61.07,NEGATIVE,"Emergency sell: BB position 1.02 > 0.98"
2026-01-05,ETH-USDT,3224.99,sell,65.71,NEGATIVE,"Emergency sell: BB position 1.09 > 0.98"
2026-01-05,LTC-USDT,83.46,sell,57.33,NEGATIVE,"Emergency sell: BB position 1.00 > 0.98"
2026-01-05,SOL-USDT,137.9,sell,63.89,NEGATIVE,"Emergency sell: BB position 1.12 > 0.98"
2026-01-05,XRP-USDT,2.3478,sell,74.52,NEGATIVE,"Emergency sell: BB position 1.37 > 0.98"
2026-01-06,ADA-USDT,0.4194,sell,58.82,NEGATIVE,"Emergency sell: BB position 1.01 > 0.98"
2026-01-06,BNB-USDT,917.64,sell,64.64,NEGATIVE,"Emergency sell: BB position 1.07 > 0.98"
2026-01-06,BTC-USDT,93747.97,sell,65.20,NEGATIVE,"Emergency sell: BB position 1.07 > 0.98"
2026-01-06,DOGE-USDT,0.15055,sell,63.75,NEGATIVE,"Score -20: neutral → converted to sell (out of position)"
2026-01-06,DOT-USDT,2.235,sell,62.22,NEGATIVE,"Score -25: neutral → converted to sell (out of position)"
2026-01-06,ETH-USDT,3296.84,sell,69.39,NEGATIVE,"Emergency sell: BB position 1.12 > 0.98"
2026-01-06,LTC-USDT,83.96,sell,58.44,NEGATIVE,"Score -25: neutral → converted to sell (out of position)"
2026-01-06,SOL-USDT,141.08,sell,67.22,NEGATIVE,"Emergency sell: BB position 1.11 > 0.98"
2026-01-06,XRP-USDT,2.3042,sell,70.39,NEGATIVE,"Emergency sell: BB position 1.11 > 0.98"
2026-01-07,ADA-USDT,0.4022,sell,53.47,NEGATIVE,"Score -29: neutral → converted to sell (out of position)"
2026-01-07,BNB-USDT,900.3,sell,57.68,NEGATIVE,"Score -25: neutral → converted to sell (out of position)"
2026-01-07,BTC-USDT,91364.16,sell,54.97,NEGATIVE,"Score -25: neutral → converted to sell (out of position)"
2026-01-07,DOGE-USDT,0.14642,sell,59.03,NEGATIVE,"Score -30: neutral → converted to sell (out of position)"
2026-01-07,DOT-USDT,2.145,sell,56.27,NEGATIVE,"Score -30: neutral → converted to sell (out of position)"
2026-01-07,ETH-USDT,3168.72,sell,57.52,NEGATIVE,"Score -25: neutral → converted to sell (out of position)"
2026-01-07,LTC-USDT,81.71,sell,51.91,NEGATIVE,"Score -7: neutral → converted to sell (out of position)"
2026-01-07,SOL-USDT,136.39,sell,58.64,NEGATIVE,"Score -25: neutral → converted to sell (out of position)"
2026-01-07,XRP-USDT,2.1657,sell,59.19,NEGATIVE,"Score -30: neutral → converted to sell (out of position)"
2026-01-08,ADA-USDT,0.3956,sell,51.53,NEGATIVE,"Score -1: neutral → converted to sell (out of position)"
2026-01-08,BNB-USDT,892.26,sell,54.74,NEGATIVE,"Score -3: neutral → converted to sell (out of position)"
2026-01-08,BTC-USDT,91099.99,sell,53.96,NEGATIVE,"Score 2: neutral → converted to sell (out of position)"
2026-01-08,DOGE-USDT,0.14194,sell,54.33,NEGATIVE,"Score -3: neutral → converted to sell (out of position)"
2026-01-08,DOT-USDT,2.111,sell,54.16,NEGATIVE,"Score -8: neutral → converted to sell (out of position)"
2026-01-08,ETH-USDT,3106.65,sell,52.81,NEGATIVE,"Score -2: neutral → converted to sell (out of position)"
2026-01-08,LTC-USDT,81.31,sell,50.82,NEGATIVE,"Score -0: neutral → converted to sell (out of position)"
2026-01-08,SOL-USDT,138.37,sell,60.91,NEGATIVE,"Score -14: neutral → converted to sell (out of position)"
2026-01-08,XRP-USDT,2.1232,sell,56.23,NEGATIVE,"Score -4: neutral → converted to sell (out of position)"
2026-01-09,ADA-USDT,0.3914,sell,50.28,NEGATIVE,"Score -6: neutral → converted to sell (out of position)"
2026-01-09,BNB-USDT,896.86,sell,56.12,NEGATIVE,"Score -25: neutral → converted to sell (out of position)"
2026-01-09,BTC-USDT,90641.28,sell,52.17,NEGATIVE,"Score -3: neutral → converted to sell (out of position)"
2026-01-09,DOGE-USDT,0.14071,sell,53.08,NEGATIVE,"Score -8: neutral → converted to sell (out of position)"
2026-01-09,DOT-USDT,2.083,sell,52.42,NEGATIVE,"Score -3: neutral → converted to sell (out of position)"
2026-01-09,ETH-USDT,3088.4,sell,51.47,NEGATIVE,"Score -7: neutral → converted to sell (out of position)"
2026-01-09,LTC-USDT,81.49,sell,51.31,NEGATIVE,"Score -2: neutral → converted to sell (out of position)"
2026-01-09,SOL-USDT,135.97,sell,56.84,NEGATIVE,"Score -15: neutral → converted to sell (out of position)"
2026-01-09,XRP-USDT,2.0958,sell,54.34,NEGATIVE,"Score -14: neutral → converted to sell (out of position)"
2026-01-10,ADA-USDT,0.3886,sell,49.42,NEGATIVE,"Score -5: neutral → converted to sell (out of position)"
2026-01-10,BNB-USDT,907.93,sell,59.33,NEGATIVE,"Score -15: neutral → converted to sell (out of position)"
2026-01-10,BTC-USDT,90504.7,sell,51.62,NEGATIVE,"Score -7: neutral → converted to sell (out of position)"
2026-01-10,DOGE-USDT,0.13965,sell,51.97,NEGATIVE,"Score -7: neutral → converted to sell (out of position)"
2026-01-10,DOT-USDT,2.093,sell,53.00,NEGATIVE,"Score -8: neutral → converted to sell (out of position)"
2026-01-10,ETH-USDT,3086.72,sell,51.34,NEGATIVE,"Score -7: neutral → converted to sell (out of position)"
2026-01-10,LTC-USDT,81.19,sell,50.41,NEGATIVE,"Score -6: neutral → converted to sell (out of position)"
2026-01-10,SOL-USDT,135.84,sell,56.62,NEGATIVE,"Score -10: neutral → converted to sell (out of position)"
2026-01-10,XRP-USDT,2.0907,sell,53.98,NEGATIVE,"Score -14: neutral → converted to sell (out of position)"
2026-01-11,ADA-USDT,0.391,sell,50.21,NEGATIVE,"Score 4: neutral → converted to sell (out of position)"
2026-01-11,BNB-USDT,904.32,sell,57.84,NEGATIVE,"Score -25: neutral → converted to sell (out of position)"
2026-01-11,BTC-USDT,91013.65,sell,53.58,NEGATIVE,"Score 1: neutral → converted to sell (out of position)"
2026-01-11,DOGE-USDT,0.13801,sell,50.22,NEGATIVE,"Score 4: neutral → converted to sell (out of position)"
2026-01-11,DOT-USDT,2.07,sell,51.44,NEGATIVE,"Score 3: neutral → converted to sell (out of position)"
2026-01-11,ETH-USDT,3123.45,sell,54.05,NEGATIVE,"Score 1: neutral → converted to sell (out of position)"
2026-01-11,LTC-USDT,78.79,sell,43.73,NEGATIVE,"Score 4: neutral → converted to sell (out of position)"
2026-01-11,SOL-USDT,139.7,sell,61.41,NEGATIVE,"Score -15: neutral → converted to sell (out of position)"
2026-01-11,XRP-USDT,2.0745,sell,52.77,NEGATIVE,"Score -3: neutral → converted to sell (out of position)"
2026-01-12,ADA-USDT,0.3862,sell,48.58,NEGATIVE,"Score 9: neutral → converted to sell (out of position)"
2026-01-12,BNB-USDT,905.78,sell,58.30,NEGATIVE,"Score -12: neutral → converted to sell (out of position)"
2026-01-12,BTC-USDT,91296.2,sell,54.68,NEGATIVE,"Score 4: neutral → converted to sell (out of position)"
2026-01-12,DOGE-USDT,0.13662,sell,48.72,NEGATIVE,"Score 8: neutral → converted to sell (out of position)"
2026-01-12,DOT-USDT,2.055,sell,50.40,NEGATIVE,"Score 7: neutral → converted to sell (out of position)"
2026-01-12,ETH-USDT,3095.75,sell,51.71,NEGATIVE,"Score -14: neutral → converted to sell (out of position)"
2026-01-12,LTC-USDT,76.12,sell,37.75,NEGATIVE,"Score 7: neutral → converted to sell (out of position)"
2026-01-12,SOL-USDT,139.22,sell,60.51,NEGATIVE,"Score -12: neutral → converted to sell (out of position)"
2026-01-12,XRP-USDT,2.054,sell,51.21,NEGATIVE,"Score 6: neutral → converted to sell (out of position)"
2026-01-13,ADA-USDT,0.4218,sell,59.15,NEGATIVE,"Score -15: neutral → converted to sell (out of position)"
2026-01-13,BNB-USDT,943.73,sell,67.97,NEGATIVE,"Emergency sell: BB position 1.01 > 0.98"
2026-01-13,BTC-USDT,95414,sell,66.97,NEGATIVE,"Emergency sell: BB position 1.05 > 0.98"
2026-01-13,DOGE-USDT,0.14828,sell,59.60,NEGATIVE,"Score -15: neutral → converted to sell (out of position)"
2026-01-13,DOT-USDT,2.282,sell,62.69,NEGATIVE,"Score -15: neutral → converted to sell (out of position)"
2026-01-13,ETH-USDT,3325.82,sell,65.17,NEGATIVE,"Emergency sell: BB position 1.01 > 0.98"
2026-01-13,LTC-USDT,78.18,sell,44.10,NEGATIVE,"Score -16: neutral → converted to sell (out of position)"
2026-01-13,SOL-USDT,145.51,sell,67.25,NEGATIVE,"Score -20: neutral → converted to sell (out of position)"
2026-01-13,XRP-USDT,2.1655,sell,58.41,NEGATIVE,"Score -5: neutral → converted to sell (out of position)"
2026-01-14,ADA-USDT,0.4143,sell,56.51,NEGATIVE,"Score -20: neutral → converted to sell (out of position)"
2026-01-14,BNB-USDT,948.47,sell,68.94,NEGATIVE,"Emergency sell: BB position 0.99 > 0.98"
2026-01-14,BTC-USDT,96951.78,sell,70.21,NEGATIVE,"Emergency sell: BB position 1.08 > 0.98"
2026-01-14,DOGE-USDT,0.14718,sell,58.34,NEGATIVE,"Score -5: neutral → converted to sell (out of position)"
2026-01-14,DOT-USDT,2.226,sell,58.82,NEGATIVE,"Score -25: neutral → converted to sell (out of position)"
2026-01-14,ETH-USDT,3354.92,sell,66.45,NEGATIVE,"Emergency sell: BB position 0.99 > 0.98"
2026-01-14,LTC-USDT,76.67,sell,40.81,NEGATIVE,"Score 1: neutral → converted to sell (out of position)"
2026-01-14,SOL-USDT,146.69,sell,68.34,NEGATIVE,"Score -25: neutral → converted to sell (out of position)"
2026-01-14,XRP-USDT,2.1394,sell,56.32,NEGATIVE,"Score 0: neutral → converted to sell (out of position)"
2026-01-15,ADA-USDT,0.3936,sell,49.90,NEGATIVE,"Score -0: neutral → converted to sell (out of position)"
2026-01-15,BNB-USDT,931.2,sell,61.62,NEGATIVE,"Score -24: neutral → converted to sell (out of position)"
2026-01-15,BTC-USDT,95604.8,sell,64.26,NEGATIVE,"Score -19: neutral → converted to sell (out of position)"
2026-01-15,DOGE-USDT,0.14004,sell,50.84,NEGATIVE,"Score -6: neutral → converted to sell (out of position)"
2026-01-15,DOT-USDT,2.117,sell,52.08,NEGATIVE,"Score -12: neutral → converted to sell (out of position)"
2026-01-15,ETH-USDT,3318.69,sell,63.34,NEGATIVE,"Score -24: neutral → converted to sell (out of position)"
2026-01-15,LTC-USDT,72.21,sell,32.99,NEGATIVE,"Score -2: neutral → converted to sell (out of position)"
2026-01-15,SOL-USDT,142.4,sell,60.46,NEGATIVE,"Score -24: neutral → converted to sell (out of position)"
2026-01-15,XRP-USDT,2.0789,sell,51.69,NEGATIVE,"Score -7: neutral → converted to sell (out of position)"
2026-01-16,ADA-USDT,0.3955,sell,50.48,NEGATIVE,"Score -6: neutral → converted to sell (out of position)"
2026-01-16,BNB-USDT,938.16,sell,63.31,NEGATIVE,"Score -25: neutral → converted to sell (out of position)"
2026-01-16,BTC-USDT,95550.94,sell,64.02,NEGATIVE,"Score -25: neutral → converted to sell (out of position)"
2026-01-16,DOGE-USDT,0.13813,sell,49.03,NEGATIVE,"Score -0: neutral → converted to sell (out of position)"
2026-01-16,DOT-USDT,2.119,sell,52.19,NEGATIVE,"Score -8: neutral → converted to sell (out of position)"
2026-01-16,ETH-USDT,3296.28,sell,61.43,NEGATIVE,"Score -25: neutral → converted to sell (out of position)"
2026-01-16,LTC-USDT,75.22,sell,41.18,NEGATIVE,"Score -9: neutral → converted to sell (out of position)"
2026-01-16,SOL-USDT,144.89,sell,63.12,NEGATIVE,"Score -25: neutral → converted to sell (out of position)"
2026-01-16,XRP-USDT,2.0678,sell,50.86,NEGATIVE,"Score -27: neutral → converted to sell (out of position)"
2026-01-17,ADA-USDT,0.3973,sell,51.05,NEGATIVE,"Score -7: neutral → converted to sell (out of position)"
2026-01-17,BNB-USDT,947.12,sell,65.43,NEGATIVE,"Score -15: neutral → converted to sell (out of position)"
2026-01-17,BTC-USDT,95147.77,sell,62.20,NEGATIVE,"Score -25: neutral → converted to sell (out of position)"
2026-01-17,DOGE-USDT,0.13788,sell,48.78,NEGATIVE,"Score -30: neutral → converted to sell (out of position)"
2026-01-17,DOT-USDT,2.179,sell,55.44,NEGATIVE,"Score -10: neutral → converted to sell (out of position)"
2026-01-17,ETH-USDT,3310.56,sell,62.21,NEGATIVE,"Score -25: neutral → converted to sell (out of position)"
2026-01-17,LTC-USDT,74.92,sell,40.65,NEGATIVE,"Score -8: neutral → converted to sell (out of position)"
2026-01-17,SOL-USDT,143.72,sell,61.04,NEGATIVE,"Score -25: neutral → converted to sell (out of position)"
2026-01-17,XRP-USDT,2.0631,sell,50.50,NEGATIVE,"Score -31: neutral → converted to sell (out of position)"
2026-01-18,ADA-USDT,0.3758,sell,44.46,NEGATIVE,"Score -17: neutral → converted to sell (out of position)"
2026-01-18,BNB-USDT,932.51,sell,59.42,NEGATIVE,"Score -10: neutral → converted to sell (out of position)"
2026-01-18,BTC-USDT,93673.14,sell,55.92,NEGATIVE,"Score 0: neutral → converted to sell (out of position)"
2026-01-18,DOGE-USDT,0.13164,sell,42.99,NEGATIVE,"Score -15: neutral → converted to sell (out of position)"
2026-01-18,DOT-USDT,2.065,sell,48.66,NEGATIVE,"Score -10: neutral → converted to sell (out of position)"
2026-01-18,ETH-USDT,3284.03,sell,59.78,NEGATIVE,"Score 0: neutral → converted to sell (out of position)"
2026-01-18,LTC-USDT,72.29,sell,36.22,NEGATIVE,"Score 5: neutral → converted to sell (out of position)"
2026-01-18,SOL-USDT,137.87,sell,51.85,NEGATIVE,"Score 3: neutral → converted to sell (out of position)"
2026-01-18,XRP-USDT,1.9914,sell,45.14,NEGATIVE,"Score -17: neutral → converted to sell (out of position)"
2026-01-19,ADA-USDT,0.3703,sell,42.93,NEGATIVE,"Score -0: neutral → converted to sell (out of position)"
2026-01-19,BNB-USDT,923.6,sell,56.04,NEGATIVE,"Score 0: neutral → converted to sell (out of position)"
2026-01-19,BTC-USDT,92631,sell,51.93,NEGATIVE,"Score 3: neutral → converted to sell (out of position)"
2026-01-19,DOGE-USDT,0.12916,sell,40.92,NEGATIVE,"Score 1: neutral → converted to sell (out of position)"
2026-01-19,DOT-USDT,2.028,sell,46.67,NEGATIVE,"Score -23: neutral → converted to sell (out of position)"
2026-01-19,ETH-USDT,3189.55,sell,52.00,NEGATIVE,"Score 3: neutral → converted to sell (out of position)"
2026-01-19,LTC-USDT,70.8,sell,33.96,NEGATIVE,"Score 7: neutral → converted to sell (out of position)"
2026-01-19,SOL-USDT,133.44,sell,46.18,NEGATIVE,"Score -18: neutral → converted to sell (out of position)"
2026-01-19,XRP-USDT,1.986,sell,44.75,NEGATIVE,"Score -17: neutral → converted to sell (out of position)"
2026-01-20,ADA-USDT,0.3507,sell,37.93,NEGATIVE,"Score -6: neutral → converted to sell (out of position)"
2026-01-20,BNB-USDT,884.2,sell,44.10,NEGATIVE,"Score -11: neutral → converted to sell (out of position)"
2026-01-20,BTC-USDT,88427.66,sell,39.64,NEGATIVE,"Score 2: neutral → converted to sell (out of position)"
2026-01-20,DOGE-USDT,0.12336,sell,36.48,NEGATIVE,"Score -5: neutral → converted to sell (out of position)"
2026-01-20,DOT-USDT,1.897,sell,40.37,NEGATIVE,"Score -8: neutral → converted to sell (out of position)"
2026-01-20,ETH-USDT,2939.88,sell,37.94,NEGATIVE,"Score 4: neutral → converted to sell (out of position)"
2026-01-20,LTC-USDT,67.12,sell,29.13,NEGATIVE,"Score 1: neutral → converted to sell (out of position)"
2026-01-20,SOL-USDT,125.8,sell,38.38,NEGATIVE,"Score 3: neutral → converted to sell (out of position)"
2026-01-20,XRP-USDT,1.89,sell,38.46,NEGATIVE,"Score -7: neutral → converted to sell (out of position)"
2026-01-21,ADA-USDT,0.3659,sell,43.43,NEGATIVE,"Score -10: neutral → converted to sell (out of position)"
2026-01-21,BNB-USDT,883.36,sell,43.89,NEGATIVE,"Score -1: neutral → converted to sell (out of position)"
2026-01-21,BTC-USDT,89454.73,sell,43.18,NEGATIVE,"Score -5: neutral → converted to sell (out of position)"
2026-01-21,DOGE-USDT,0.12654,sell,40.30,NEGATIVE,"Score 2: neutral → converted to sell (out of position)"
2026-01-21,DOT-USDT,1.955,sell,43.97,NEGATIVE,"Score -11: neutral → converted to sell (out of position)"
2026-01-21,ETH-USDT,2982.27,sell,40.86,NEGATIVE,"Score 2: neutral → converted to sell (out of position)"
2026-01-21,LTC-USDT,68.48,sell,32.93,NEGATIVE,"Score 3: neutral → converted to sell (out of position)"
2026-01-21,SOL-USDT,129.54,sell,43.42,NEGATIVE,"Score -10: neutral → converted to sell (out of position)"
2026-01-21,XRP-USDT,1.9476,sell,43.58,NEGATIVE,"Score -1: neutral → converted to sell (out of position)"
2026-01-22,ADA-USDT,0.3594,sell,41.73,NEGATIVE,"Score -9: neutral → converted to sell (out of position)"
2026-01-22,BNB-USDT,888.06,sell,45.49,NEGATIVE,"Score -12: neutral → converted to sell (out of position)"
2026-01-22,BTC-USDT,89559.67,sell,43.54,NEGATIVE,"Score -10: neutral → converted to sell (out of position)"
2026-01-22,DOGE-USDT,0.12437,sell,38.59,NEGATIVE,"Score -6: neutral → converted to sell (out of position)"
2026-01-22,DOT-USDT,1.927,sell,42.63,NEGATIVE,"Score -10: neutral → converted to sell (out of position)"
2026-01-22,ETH-USDT,2952.69,sell,39.46,NEGATIVE,"Score -7: neutral → converted to sell (out of position)"
2026-01-22,LTC-USDT,68.19,sell,32.53,NEGATIVE,"Score -2: neutral → converted to sell (out of position)"
2026-01-22,SOL-USDT,128.47,sell,42.35,NEGATIVE,"Score -9: neutral → converted to sell (out of position)"
2026-01-22,XRP-USDT,1.9236,sell,42.02,NEGATIVE,"Score -9: neutral → converted to sell (out of position)"
2026-01-23,ADA-USDT,0.3602,sell,42.03,NEGATIVE,"Score -5: neutral → converted to sell (out of position)"
2026-01-23,BNB-USDT,891.63,sell,46.73,NEGATIVE,"Score -23: neutral → converted to sell (out of position)"
2026-01-23,BTC-USDT,89600.26,sell,43.69,NEGATIVE,"Score -1: neutral → converted to sell (out of position)"
2026-01-23,DOGE-USDT,0.12477,sell,39.11,NEGATIVE,"Score 3: neutral → converted to sell (out of position)"
2026-01-23,DOT-USDT,1.926,sell,42.58,NEGATIVE,"Score 0: neutral → converted to sell (out of position)"
2026-01-23,ETH-USDT,2956.41,sell,39.74,NEGATIVE,"Score -3: neutral → converted to sell (out of position)"
2026-01-23,LTC-USDT,68.07,sell,32.35,NEGATIVE,"Score 3: neutral → converted to sell (out of position)"
2026-01-23,SOL-USDT,127.43,sell,41.29,NEGATIVE,"Score 1: neutral → converted to sell (out of position)"
2026-01-23,XRP-USDT,1.9196,sell,41.75,NEGATIVE,"Score 1: neutral → converted to sell (out of position)"
2026-01-24,ADA-USDT,0.3583,sell,41.48,NEGATIVE,"Score -9: neutral → converted to sell (out of position)"
2026-01-24,BNB-USDT,887.17,sell,45.34,NEGATIVE,"Score -12: neutral → converted to sell (out of position)"
2026-01-24,BTC-USDT,89225.34,sell,42.57,NEGATIVE,"Score -10: neutral → converted to sell (out of position)"
2026-01-24,DOGE-USDT,0.12423,sell,38.64,NEGATIVE,"Score -7: neutral → converted to sell (out of position)"
2026-01-24,DOT-USDT,1.93,sell,42.87,NEGATIVE,"Score -10: neutral → converted to sell (out of position)"
2026-01-24,ETH-USDT,2953.22,sell,39.57,NEGATIVE,"Score -8: neutral → converted to sell (out of position)"
2026-01-24,LTC-USDT,68.19,sell,32.74,NEGATIVE,"Score -2: neutral → converted to sell (out of position)"
2026-01-24,SOL-USDT,127.21,sell,41.05,NEGATIVE,"Score -9: neutral → converted to sell (out of position)"
2026-01-24,XRP-USDT,1.9143,sell,41.37,NEGATIVE,"Score -9: neutral → converted to sell (out of position)"
2026-01-25,ADA-USDT,0.3391,sell,36.32,NEGATIVE,"Score 5: neutral → converted to sell (out of position)"
2026-01-25,BNB-USDT,866.02,sell,39.36,NEGATIVE,"Score 3: neutral → converted to sell (out of position)"
2026-01-25,BTC-USDT,86670.36,sell,35.79,NEGATIVE,"Score 5: neutral → converted to sell (out of position)"
2026-01-25,DOGE-USDT,0.11945,sell,34.68,NEGATIVE,"Score 6: neutral → converted to sell (out of position)"
2026-01-25,DOT-USDT,1.823,sell,37.45,NEGATIVE,"Score 4: neutral → converted to sell (out of position)"
2026-01-25,ETH-USDT,2816.89,sell,33.11,NEGATIVE,"Score 8: neutral → converted to sell (out of position)"
2026-01-25,LTC-USDT,67.3,sell,31.30,NEGATIVE,"Score 9: neutral → converted to sell (out of position)"
2026-01-25,SOL-USDT,118.85,sell,33.31,NEGATIVE,"Score 7: neutral → converted to sell (out of position)"
2026-01-25,XRP-USDT,1.8356,sell,36.12,NEGATIVE,"Score 5: neutral → converted to sell (out of position)"
2026-01-26,ADA-USDT,0.3521,sell,41.62,POSITIVE,"Score 20: neutral → converted to sell (out of position)"
2026-01-26,BNB-USDT,879.41,sell,44.36,POSITIVE,"Score 20: neutral → converted to sell (out of position)"
2026-01-26,BTC-USDT,88347.08,buy,42.28,POSITIVE,"Score 30 >= 20, volume positive"
2026-01-26,DOGE-USDT,0.12236,buy,38.79,POSITIVE,"Score 25 >= 20, volume positive"
2026-01-26,DOT-USDT,1.875,sell,41.33,POSITIVE,"Score 20: neutral → converted to sell (out of position)"
2026-01-26,ETH-USDT,2930.35,buy,41.65,POSITIVE,"Score 30 >= 20, volume positive"
2026-01-26,LTC-USDT,69.72,sell,39.15,POSITIVE,"Score 5: neutral → converted to sell (out of position)"
2026-01-26,SOL-USDT,124.24,sell,41.03,POSITIVE,"Score 20: neutral → converted to sell (out of position)"
2026-01-26,XRP-USDT,1.9041,buy,42.91,POSITIVE,"Score 30 >= 20, volume positive"
2026-01-27,ADA-USDT,0.3608,sell,44.92,POSITIVE,"Score 10: neutral → converted to sell (out of position)"
2026-01-27,BNB-USDT,898.36,sell,50.58,POSITIVE,"Score 15: neutral → converted to sell (out of position)"
2026-01-27,BTC-USDT,89250,sell,45.48,POSITIVE,"Exit: price below MA20 (91503.22)"
2026-01-27,DOGE-USDT,0.12619,sell,43.81,POSITIVE,"Exit: price below MA20 (0.13)"
2026-01-27,DOT-USDT,1.876,sell,41.41,POSITIVE,"Score 20: neutral → converted to sell (out of position)"
2026-01-27,ETH-USDT,3026.77,sell,47.75,POSITIVE,"Exit: price below MA20 (3106.97)"
2026-01-27,LTC-USDT,70.03,sell,40.09,POSITIVE,"Score 5: neutral → converted to sell (out of position)"
2026-01-27,SOL-USDT,127.19,sell,44.80,POSITIVE,"Score 5: neutral → converted to sell (out of position)"
2026-01-27,XRP-USDT,1.9158,sell,44.00,POSITIVE,"Exit: price below MA20 (2.01)"
2026-01-28,ADA-USDT,0.3583,sell,44.15,NEGATIVE,"Score -21: neutral → converted to sell (out of position)"
2026-01-28,BNB-USDT,902.91,sell,51.96,NEGATIVE,"Score -33: neutral → converted to sell (out of position)"
2026-01-28,BTC-USDT,89299.99,sell,45.66,NEGATIVE,"Score -23: neutral → converted to sell (out of position)"
2026-01-28,DOGE-USDT,0.125,sell,42.64,NEGATIVE,"Score -20: neutral → converted to sell (out of position)"
2026-01-28,DOT-USDT,1.87,sell,41.07,NEGATIVE,"Score 1: neutral → converted to sell (out of position)"
2026-01-28,ETH-USDT,3010.78,sell,46.88,NEGATIVE,"Score -28: neutral → converted to sell (out of position)"
2026-01-28,LTC-USDT,69.42,sell,38.82,NEGATIVE,"Score -17: neutral → converted to sell (out of position)"
2026-01-28,SOL-USDT,125.35,sell,42.96,NEGATIVE,"Score -5: neutral → converted to sell (out of position)"
2026-01-28,XRP-USDT,1.9111,sell,43.64,NEGATIVE,"Score -21: neutral → converted to sell (out of position)"
2026-01-29,ADA-USDT,0.3347,sell,37.58,NEGATIVE,"Score 4: neutral → converted to sell (out of position)"
2026-01-29,BNB-USDT,868.69,sell,42.34,NEGATIVE,"Score 0: neutral → converted to sell (out of position)"
2026-01-29,BTC-USDT,84650.16,sell,34.34,NEGATIVE,"Score 7: neutral → converted to sell (out of position)"
2026-01-29,DOGE-USDT,0.11728,sell,35.94,NEGATIVE,"Score 5: neutral → converted to sell (out of position)"
2026-01-29,DOT-USDT,1.736,sell,34.29,NEGATIVE,"Score 7: neutral → converted to sell (out of position)"
2026-01-29,ETH-USDT,2822.59,sell,38.04,NEGATIVE,"Score 4: neutral → converted to sell (out of position)"
2026-01-29,LTC-USDT,66.24,sell,32.93,NEGATIVE,"Score 8: neutral → converted to sell (out of position)"
2026-01-29,SOL-USDT,117.82,sell,36.36,NEGATIVE,"Score 5: neutral → converted to sell (out of position)"
2026-01-29,XRP-USDT,1.8076,sell,36.52,NEGATIVE,"Score 5: neutral → converted to sell (out of position)"
2026-01-30,ADA-USDT,0.3208,buy,34.34,POSITIVE,"Score 30 >= 20, volume positive"
2026-01-30,BNB-USDT,858.81,buy,40.03,POSITIVE,"Score 25 >= 20, volume positive"
2026-01-30,BTC-USDT,84260.49,buy,33.58,POSITIVE,"Score 30 >= 20, volume positive"
2026-01-30,DOGE-USDT,0.11581,sell,34.82,POSITIVE,"Score 25: neutral → converted to sell (out of position)"
2026-01-30,DOT-USDT,1.69,buy,32.31,POSITIVE,"Score 30 >= 20, volume positive"
2026-01-30,ETH-USDT,2707.38,buy,33.83,POSITIVE,"Score 30 >= 20, volume positive"
2026-01-30,LTC-USDT,65.47,buy,31.68,POSITIVE,"Score 30 >= 20, volume positive"
2026-01-30,SOL-USDT,117.59,buy,36.18,POSITIVE,"Score 30 >= 20, volume positive"
2026-01-30,XRP-USDT,1.7352,buy,32.52,POSITIVE,"Score 30 >= 20, volume positive"
2026-01-31,ADA-USDT,0.2936,sell,29.05,POSITIVE,"Exit: price below MA20 (0.37)"
2026-01-31,BNB-USDT,781.38,sell,27.43,POSITIVE,"Exit: price below MA20 (898.03)"
2026-01-31,BTC-USDT,78741.09,sell,25.18,POSITIVE,"Exit: price below MA20 (90187.82)"
2026-01-31,DOGE-USDT,0.10426,buy,27.54,POSITIVE,"Score 30 >= 20, volume positive"
2026-01-31,DOT-USDT,1.547,sell,27.09,POSITIVE,"Exit: price below MA20 (1.96)"
2026-01-31,ETH-USDT,2451.95,sell,26.76,POSITIVE,"Exit: price below MA20 (3036.34)"
2026-01-31,LTC-USDT,59.53,sell,24.07,POSITIVE,"Exit: price below MA20 (70.21)"
2026-01-31,SOL-USDT,105.58,sell,28.21,POSITIVE,"Exit: price below MA20 (130.44)"
2026-01-31,XRP-USDT,1.6472,sell,28.45,POSITIVE,"Exit: price below MA20 (1.94)"
2026-02-01,ADA-USDT,0.2858,sell,27.74,POSITIVE,"Score 20: neutral → converted to sell (out of position)"
2026-02-01,BNB-USDT,758.54,sell,24.94,POSITIVE,"Score 20: neutral → converted to sell (out of position)"
2026-02-01,BTC-USDT,76968.21,sell,23.17,POSITIVE,"Score 20: neutral → converted to sell (out of position)"
2026-02-01,DOGE-USDT,0.10426,sell,27.54,POSITIVE,"Exit: price below MA20 (0.13)"
2026-02-01,DOT-USDT,1.495,sell,25.48,POSITIVE,"Score 20: neutral → converted to sell (out of position)"
2026-02-01,ETH-USDT,2270.15,sell,23.07,POSITIVE,"Score 20: neutral → converted to sell (out of position)"
2026-02-01,LTC-USDT,58.49,sell,23.03,POSITIVE,"Score 20: neutral → converted to sell (out of position)"
2026-02-01,SOL-USDT,100.79,sell,25.77,POSITIVE,"Score 15: neutral → converted to sell (out of position)"
2026-02-01,XRP-USDT,1.5908,sell,26.18,POSITIVE,"Score 20: neutral → converted to sell (out of position)"
2026-02-02,ADA-USDT,0.2991,sell,33.29,NEGATIVE,"Score 8: neutral → converted to sell (out of position)"
2026-02-02,BNB-USDT,773.94,sell,29.58,NEGATIVE,"Score 11: neutral → converted to sell (out of position)"
2026-02-02,BTC-USDT,78738.61,sell,29.24,NEGATIVE,"Score 11: neutral → converted to sell (out of position)"
2026-02-02,DOGE-USDT,0.10792,sell,32.71,NEGATIVE,"Score 8: neutral → converted to sell (out of position)"
2026-02-02,DOT-USDT,1.543,sell,29.64,NEGATIVE,"Score 6: neutral → converted to sell (out of position)"
2026-02-02,ETH-USDT,2347.02,sell,27.62,NEGATIVE,"Score 7: neutral → converted to sell (out of position)"
2026-02-02,LTC-USDT,60.02,sell,27.97,NEGATIVE,"Score 7: neutral → converted to sell (out of position)"
2026-02-02,SOL-USDT,104.55,sell,30.83,NEGATIVE,"Score 10: neutral → converted to sell (out of position)"
2026-02-02,XRP-USDT,1.6198,sell,29.30,NEGATIVE,"Score 11: neutral → converted to sell (out of position)"
2026-02-03,ADA-USDT,0.2917,sell,31.83,POSITIVE,"Score 20: neutral → converted to sell (out of position)"
2026-02-03,BNB-USDT,754.78,sell,27.32,POSITIVE,"Score 20: neutral → converted to sell (out of position)"
2026-02-03,BTC-USDT,75770.21,sell,25.59,POSITIVE,"Score 25: neutral → converted to sell (out of position)"
2026-02-03,DOGE-USDT,0.10602,buy,31.45,POSITIVE,"Score 25 >= 20, volume positive"
2026-02-03,DOT-USDT,1.5,buy,28.13,POSITIVE,"Score 30 >= 20, volume positive"
2026-02-03,ETH-USDT,2233.72,buy,25.25,POSITIVE,"Score 25 >= 20, volume positive"
2026-02-03,LTC-USDT,59.48,sell,27.30,POSITIVE,"Score 25: neutral → converted to sell (out of position)"
2026-02-03,SOL-USDT,97.89,sell,27.28,POSITIVE,"Score 20: neutral → converted to sell (out of position)"
2026-02-03,XRP-USDT,1.5791,sell,27.54,POSITIVE,"Score 20: neutral → converted to sell (out of position)"
2026-02-04,ADA-USDT,0.2864,sell,30.78,NEGATIVE,"Score 5: neutral → converted to sell (out of position)"
2026-02-04,BNB-USDT,697.27,sell,21.89,NEGATIVE,"Score 17: neutral → converted to sell (out of position)"
2026-02-04,BTC-USDT,73165.83,sell,22.89,NEGATIVE,"Score 11: neutral → converted to sell (out of position)"
2026-02-04,DOGE-USDT,0.10383,sell,30.02,NEGATIVE,"Exit: strong negative sentiment (99%)"
2026-02-04,DOT-USDT,1.461,sell,26.79,NEGATIVE,"Exit: strong negative sentiment (99%)"
2026-02-04,ETH-USDT,2148.26,sell,23.60,NEGATIVE,"Exit: strong negative sentiment (99%)"
2026-02-04,LTC-USDT,58.89,sell,26.56,NEGATIVE,"Score 8: neutral → converted to sell (out of position)"
2026-02-04,SOL-USDT,92.12,sell,24.64,NEGATIVE,"Score 14: neutral → converted to sell (out of position)"
2026-02-04,XRP-USDT,1.512,sell,24.89,NEGATIVE,"Score 9: neutral → converted to sell (out of position)"
2026-02-05,ADA-USDT,0.2455,buy,24.18,POSITIVE,"Score 25 >= 20, volume positive"
2026-02-05,BNB-USDT,608.3,buy,16.45,POSITIVE,"Score 25 >= 20, volume positive"
2026-02-05,BTC-USDT,62909.86,buy,15.82,POSITIVE,"Score 25 >= 20, volume positive"
2026-02-05,DOGE-USDT,0.08849,buy,22.36,POSITIVE,"Score 25 >= 20, volume positive"
2026-02-05,DOT-USDT,1.248,buy,20.94,POSITIVE,"Score 25 >= 20, volume positive"
2026-02-05,ETH-USDT,1826.83,buy,18.68,POSITIVE,"Score 25 >= 20, volume positive"
2026-02-05,LTC-USDT,50.79,buy,18.93,POSITIVE,"Score 25 >= 20, volume positive"
2026-02-05,SOL-USDT,78.35,buy,19.73,POSITIVE,"Score 25 >= 20, volume positive"
2026-02-05,XRP-USDT,1.2146,buy,17.05,POSITIVE,"Score 25 >= 20, volume positive"
2026-02-06,ADA-USDT,0.2762,sell,35.38,NEGATIVE,"Exit: strong negative sentiment (100%)"
2026-02-06,BNB-USDT,657.21,sell,27.17,NEGATIVE,"Exit: strong negative sentiment (100%)"
2026-02-06,BTC-USDT,70580.26,sell,32.59,NEGATIVE,"Exit: strong negative sentiment (100%)"
2026-02-06,DOGE-USDT,0.09848,sell,34.15,NEGATIVE,"Exit: strong negative sentiment (100%)"
2026-02-06,DOT-USDT,1.368,sell,30.19,NEGATIVE,"Exit: strong negative sentiment (100%)"
2026-02-06,ETH-USDT,2063.38,sell,30.22,NEGATIVE,"Exit: strong negative sentiment (100%)"
2026-02-06,LTC-USDT,55.02,sell,30.21,NEGATIVE,"Exit: strong negative sentiment (100%)"
2026-02-06,SOL-USDT,87.46,sell,29.71,NEGATIVE,"Exit: strong negative sentiment (100%)"
2026-02-06,XRP-USDT,1.4698,sell,35.75,NEGATIVE,"Exit: strong negative sentiment (100%)"
2026-02-07,ADA-USDT,0.2721,sell,34.65,NEGATIVE,"Score -12: neutral → converted to sell (out of position)"
2026-02-07,BNB-USDT,647,sell,26.41,NEGATIVE,"Score -1: neutral → converted to sell (out of position)"
2026-02-07,BTC-USDT,69289.38,sell,31.46,NEGATIVE,"Score -5: neutral → converted to sell (out of position)"
2026-02-07,DOGE-USDT,0.09823,sell,34.01,NEGATIVE,"Score -7: neutral → converted to sell (out of position)"
2026-02-07,DOT-USDT,1.372,sell,30.48,NEGATIVE,"Score -4: neutral → converted to sell (out of position)"
2026-02-07,ETH-USDT,2087.08,sell,31.28,NEGATIVE,"Score -10: neutral → converted to sell (out of position)"
2026-02-07,LTC-USDT,55.19,sell,30.62,NEGATIVE,"Score -4: neutral → converted to sell (out of position)"
2026-02-07,SOL-USDT,87.59,sell,29.85,NEGATIVE,"Score -9: neutral → converted to sell (out of position)"
2026-02-07,XRP-USDT,1.4231,sell,34.23,NEGATIVE,"Score -12: neutral → converted to sell (out of position)"
2026-02-08,ADA-USDT,0.2701,sell,34.27,NEGATIVE,"Score -13: neutral → converted to sell (out of position)"
2026-02-08,BNB-USDT,639.93,sell,25.87,NEGATIVE,"Score -2: neutral → converted to sell (out of position)"
2026-02-08,BTC-USDT,70330.38,sell,33.47,NEGATIVE,"Score -8: neutral → converted to sell (out of position)"
2026-02-08,DOGE-USDT,0.09663,sell,33.08,NEGATIVE,"Score -7: neutral → converted to sell (out of position)"
2026-02-08,DOT-USDT,1.337,sell,29.33,NEGATIVE,"Score -4: neutral → converted to sell (out of position)"
2026-02-08,ETH-USDT,2089.74,sell,31.40,NEGATIVE,"Score -11: neutral → converted to sell (out of position)"
2026-02-08,LTC-USDT,54.53,sell,29.88,NEGATIVE,"Score -5: neutral → converted to sell (out of position)"
2026-02-08,SOL-USDT,86.99,sell,29.56,NEGATIVE,"Score -10: neutral → converted to sell (out of position)"
2026-02-08,XRP-USDT,1.4308,sell,34.72,NEGATIVE,"Score -14: neutral → converted to sell (out of position)"
2026-02-09,ADA-USDT,0.2699,sell,34.23,NEGATIVE,"Score -6: neutral → converted to sell (out of position)"
2026-02-09,BNB-USDT,636.39,sell,25.58,NEGATIVE,"Score 11: neutral → converted to sell (out of position)"
2026-02-09,BTC-USDT,70138,sell,33.28,NEGATIVE,"Score 5: neutral → converted to sell (out of position)"
2026-02-09,DOGE-USDT,0.09611,sell,32.77,NEGATIVE,"Score 5: neutral → converted to sell (out of position)"
2026-02-09,DOT-USDT,1.32,sell,28.76,NEGATIVE,"Score 8: neutral → converted to sell (out of position)"
2026-02-09,ETH-USDT,2105.02,sell,32.16,NEGATIVE,"Score 0: neutral → converted to sell (out of position)"
2026-02-09,LTC-USDT,54.45,sell,29.78,NEGATIVE,"Score 2: neutral → converted to sell (out of position)"
2026-02-09,SOL-USDT,86.77,sell,29.46,NEGATIVE,"Score 3: neutral → converted to sell (out of position)"
2026-02-09,XRP-USDT,1.437,sell,35.14,NEGATIVE,"Score -2: neutral → converted to sell (out of position)"
2026-02-10,ADA-USDT,0.262,sell,32.62,POSITIVE,"Score 15: neutral → converted to sell (out of position)"
2026-02-10,BNB-USDT,619.85,buy,24.25,POSITIVE,"Score 20 >= 20, volume positive"
2026-02-10,BTC-USDT,68841.29,sell,31.93,POSITIVE,"Score 15: neutral → converted to sell (out of position)"
2026-02-10,DOGE-USDT,0.09277,sell,30.75,POSITIVE,"Score 15: neutral → converted to sell (out of position)"
2026-02-10,DOT-USDT,1.283,sell,27.50,POSITIVE,"Score 15: neutral → converted to sell (out of position)"
2026-02-10,ETH-USDT,2022.67,sell,30.21,POSITIVE,"Score 15: neutral → converted to sell (out of position)"
2026-02-10,LTC-USDT,53.38,sell,28.48,POSITIVE,"Score 15: neutral → converted to sell (out of position)"
2026-02-10,SOL-USDT,82.99,sell,27.57,POSITIVE,"Score 15: neutral → converted to sell (out of position)"
2026-02-10,XRP-USDT,1.3999,sell,33.74,POSITIVE,"Score 10: neutral → converted to sell (out of position)"
2026-02-11,ADA-USDT,0.2559,sell,31.39,NEGATIVE,"Score 4: neutral → converted to sell (out of position)"
2026-02-11,BNB-USDT,608.11,sell,23.32,NEGATIVE,"Exit: strong negative sentiment (98%)"
2026-02-11,BTC-USDT,67082.52,sell,30.15,NEGATIVE,"Score 5: neutral → converted to sell (out of position)"
2026-02-11,DOGE-USDT,0.09112,sell,29.78,NEGATIVE,"Score 6: neutral → converted to sell (out of position)"
2026-02-11,DOT-USDT,1.256,sell,26.59,NEGATIVE,"Score 8: neutral → converted to sell (out of position)"
2026-02-11,ETH-USDT,1941.18,sell,28.38,NEGATIVE,"Score -3: neutral → converted to sell (out of position)"
2026-02-11,LTC-USDT,52.32,sell,27.21,NEGATIVE,"Score 8: neutral → converted to sell (out of position)"
2026-02-11,SOL-USDT,79.3,sell,25.83,NEGATIVE,"Score 9: neutral → converted to sell (out of position)"
2026-02-11,XRP-USDT,1.3697,sell,32.60,NEGATIVE,"Score -2: neutral → converted to sell (out of position)"
2026-02-12,ADA-USDT,0.2643,sell,35.02,NEGATIVE,"Score -19: neutral → converted to sell (out of position)"
2026-02-12,BNB-USDT,614.29,sell,24.95,NEGATIVE,"Score 4: neutral → converted to sell (out of position)"
2026-02-12,BTC-USDT,66272.17,sell,29.33,NEGATIVE,"Score -4: neutral → converted to sell (out of position)"
2026-02-12,DOGE-USDT,0.093,sell,32.41,NEGATIVE,"Score -2: neutral → converted to sell (out of position)"
2026-02-12,DOT-USDT,1.283,sell,29.12,NEGATIVE,"Score 1: neutral → converted to sell (out of position)"
2026-02-12,ETH-USDT,1947.85,sell,28.76,NEGATIVE,"Score -4: neutral → converted to sell (out of position)"
2026-02-12,LTC-USDT,53.15,sell,29.85,NEGATIVE,"Score 0: neutral → converted to sell (out of position)"
2026-02-12,SOL-USDT,78.4,sell,25.41,NEGATIVE,"Score -1: neutral → converted to sell (out of position)"
2026-02-12,XRP-USDT,1.3635,sell,32.35,NEGATIVE,"Score -12: neutral → converted to sell (out of position)"
2026-02-13,ADA-USDT,0.2632,sell,34.76,POSITIVE,"Score 5: neutral → converted to sell (out of position)"
2026-02-13,BNB-USDT,599.2,sell,23.63,POSITIVE,"Score 20: neutral → converted to sell (out of position)"
2026-02-13,BTC-USDT,67125.72,sell,31.43,POSITIVE,"Score 20: neutral → converted to sell (out of position)"
2026-02-13,DOGE-USDT,0.09354,sell,33.18,POSITIVE,"Score 5: neutral → converted to sell (out of position)"
2026-02-13,DOT-USDT,1.276,sell,28.84,POSITIVE,"Score 20: neutral → converted to sell (out of position)"
2026-02-13,ETH-USDT,1962.32,sell,29.63,POSITIVE,"Score 5: neutral → converted to sell (out of position)"
2026-02-13,LTC-USDT,53.43,sell,30.76,POSITIVE,"Score 5: neutral → converted to sell (out of position)"
2026-02-13,SOL-USDT,80.09,sell,27.79,POSITIVE,"Score 20: neutral → converted to sell (out of position)"
2026-02-13,XRP-USDT,1.3629,sell,32.33,POSITIVE,"Score 20: neutral → converted to sell (out of position)"
